Threshold,Accuracy,Weighted F1,Inscope Accuracy,OOS Recall,MCC
0.1,0.1617497456765005,0.11337011172449207,0.5309090909090909,0.018361581920903956,0.2063998849903869
0.2,0.2970498474059003,0.33631881380821965,0.5236363636363637,0.20903954802259886,0.24544955242839175
0.3,0.4252288911495422,0.48976321608883183,0.48727272727272725,0.4011299435028249,0.2677829569621612
0.4,0.5178026449643948,0.5740094067056727,0.4509090909090909,0.5437853107344632,0.28113965587425205
0.5,0.5859613428280773,0.6223629071205065,0.41818181818181815,0.6511299435028248,0.286288916282711
0.6,0.624618514750763,0.6433052440106094,0.3890909090909091,0.7161016949152542,0.2887958272661481
0.7,0.6602238046795524,0.6637153181331166,0.36,0.7768361581920904,0.29851914737268237
0.8,0.698880976602238,0.6786901502595527,0.3018181818181818,0.8531073446327684,0.30169293594539803
0.9,0.728382502543235,0.6765203325400962,0.21454545454545454,0.9279661016949152,0.2854049912230014
