Threshold,Accuracy,Weighted F1,Inscope Accuracy,OOS Recall,MCC
0.1,0.33249370277078083,0.2629308626158718,0.5714285714285714,0.0,0.3500891574145308
0.2,0.3425692695214106,0.2832268690766706,0.5714285714285714,0.024096385542168676,0.35685082873850854
0.3,0.40302267002518893,0.39136641443902487,0.5714285714285714,0.1686746987951807,0.39459601861278215
0.4,0.44080604534005036,0.44314397484121,0.5627705627705628,0.2710843373493976,0.4060595816100176
0.5,0.5012594458438288,0.5080367036869831,0.5541125541125541,0.42771084337349397,0.43449046213243375
0.6,0.5667506297229219,0.5694958962020813,0.5497835497835498,0.5903614457831325,0.4838865511383501
0.7,0.5869017632241813,0.5821474403837933,0.5151515151515151,0.6867469879518072,0.48828547382614906
0.8,0.5994962216624685,0.5825208162114784,0.48484848484848486,0.7590361445783133,0.4908155382461614
0.9,0.6120906801007556,0.5757913259833879,0.43722943722943725,0.8554216867469879,0.4918195897349411
