Threshold,Accuracy,Weighted F1,Inscope Accuracy,OOS Recall,MCC
0.1,0.38143289606458125,0.2777203394658263,0.8362831858407079,0.0,0.3914278743423574
0.2,0.39253279515640765,0.30127499197851487,0.8362831858407079,0.02040816326530612,0.397844106254895
0.3,0.40968718466195764,0.336381914722132,0.834070796460177,0.05380333951762523,0.4069243322470297
0.4,0.48335015136226034,0.4643749179345553,0.834070796460177,0.18923933209647495,0.4579319049416409
0.5,0.5216952573158425,0.5176570270763616,0.834070796460177,0.2597402597402597,0.4803538135930759
0.6,0.5539858728557013,0.5589509843467156,0.831858407079646,0.3209647495361781,0.49917800035688836
0.7,0.574167507568113,0.5819867165161616,0.827433628318584,0.36178107606679033,0.5073404790666131
0.8,0.6094853683148335,0.6203545801533257,0.8185840707964602,0.43413729128014844,0.5275041116659444
0.9,0.6508577194752775,0.6630666755960122,0.8030973451327433,0.5231910946196661,0.5532011200360406
