Threshold,Accuracy,Weighted F1,Inscope Accuracy,OOS Recall,MCC
0.1,0.16581892166836215,0.09458310530768466,0.5854545454545454,0.002824858757062147,0.22662854232741195
0.2,0.21770091556459817,0.19463095423585083,0.5818181818181818,0.07627118644067797,0.2390862177147459
0.3,0.31129196337741605,0.3411393950048982,0.5781818181818181,0.2076271186440678,0.2668898498371918
0.4,0.37843336724313326,0.42794405017038767,0.5636363636363636,0.3064971751412429,0.28144422084283677
0.5,0.4516785350966429,0.5062601790074037,0.5454545454545454,0.4152542372881356,0.2983788806071609
0.6,0.5188199389623601,0.568649768741218,0.5272727272727272,0.5155367231638418,0.3165516468104266
0.7,0.5676500508646999,0.6080192664664281,0.5018181818181818,0.5932203389830508,0.32863737204394544
0.8,0.6063072227873856,0.6331582177286087,0.48,0.655367231638418,0.32758929661892505
0.9,0.6653102746693794,0.6712780046426039,0.43636363636363634,0.7542372881355932,0.347322182251494
