Threshold,Accuracy,Weighted F1,Inscope Accuracy,OOS Recall,MCC
0.1,0.3753784056508577,0.26873428028394586,0.8230088495575221,0.0,0.3827216986955868
0.2,0.38244197780020184,0.28385856420222894,0.8230088495575221,0.012987012987012988,0.3867371892968888
0.3,0.4117053481331988,0.3421306793975774,0.8230088495575221,0.06679035250463822,0.4038261321081724
0.4,0.4934409687184662,0.4799107169648507,0.8207964601769911,0.2189239332096475,0.4601885575577133
0.5,0.5307769929364279,0.5315308808700412,0.8119469026548672,0.2949907235621521,0.47797497265635175
0.6,0.5640766902119072,0.5734870968713671,0.8053097345132744,0.36178107606679033,0.49681857852806144
0.7,0.5943491422805247,0.6069184518856748,0.8030973451327433,0.41929499072356213,0.5133875786446674
0.8,0.6397578203834511,0.6526137924505135,0.7920353982300885,0.5120593692022264,0.5453064578171033
0.9,0.6770938446014128,0.6864213066902995,0.7809734513274337,0.5899814471243042,0.5695074884225043
