Threshold,Accuracy,Weighted F1,Inscope Accuracy,OOS Recall,MCC
0.1,0.4282115869017632,0.3327023465634267,0.7359307359307359,0.0,0.457123093925187
0.2,0.43828715365239296,0.3540585844388577,0.7359307359307359,0.024096385542168676,0.4626917219806727
0.3,0.45843828715365237,0.3989092079935,0.7316017316017316,0.0783132530120482,0.47205584437489384
0.4,0.5088161209068011,0.48236500416255096,0.7316017316017316,0.19879518072289157,0.5062789592792611
0.5,0.5541561712846348,0.5480458219448876,0.7316017316017316,0.3072289156626506,0.5379162557311129
0.6,0.6146095717884131,0.6232869733224982,0.7229437229437229,0.463855421686747,0.5787346390816308
0.7,0.6372795969773299,0.6450564416398155,0.7056277056277056,0.5421686746987951,0.5897178388469266
0.8,0.672544080604534,0.6798829189224005,0.6926406926406926,0.6445783132530121,0.6147775061582121
0.9,0.690176322418136,0.690025982806961,0.6363636363636364,0.7650602409638554,0.6167910208651333
