Threshold,Accuracy,Weighted F1,Inscope Accuracy,OOS Recall,MCC
0.1,0.34994913530010174,0.39190881618283185,0.5963636363636363,0.2542372881355932,0.3026644216431138
0.2,0.34994913530010174,0.39190881618283185,0.5963636363636363,0.2542372881355932,0.3026644216431138
0.3,0.35910478128179046,0.4039036213694102,0.5963636363636363,0.2669491525423729,0.30716042960113416
0.4,0.40895218718209564,0.46636724373089034,0.5818181818181818,0.3418079096045198,0.31849843696846203
0.5,0.5167853509664293,0.577415171615548,0.5527272727272727,0.5028248587570622,0.35232998422313205
0.6,0.6205493387589013,0.6511586832758449,0.4763636363636364,0.6765536723163842,0.35263103368370324
0.7,0.6917599186164801,0.6774930217127464,0.33454545454545453,0.8305084745762712,0.3126850195378528
0.8,0.7232960325534079,0.6553717504378747,0.14909090909090908,0.9463276836158192,0.22745806536718088
0.9,0.728382502543235,0.6229727120687398,0.04,0.9957627118644068,0.1568255894769402
