Threshold,Accuracy,Weighted F1,Inscope Accuracy,OOS Recall,MCC
0.1,0.6357214934409687,0.6644852572049998,0.7123893805309734,0.5714285714285714,0.5308419346603385
0.2,0.6357214934409687,0.6644852572049998,0.7123893805309734,0.5714285714285714,0.5308419346603385
0.3,0.644803229061554,0.6730954682965349,0.7035398230088495,0.5955473098330241,0.5356197263402213
0.4,0.686175580221998,0.7065621324418394,0.6747787610619469,0.6957328385899815,0.5586030288583995
0.5,0.7093844601412714,0.7178992921423805,0.6106194690265486,0.7922077922077922,0.5620501471721884
0.6,0.7184661957618567,0.7036159200150304,0.5110619469026548,0.8923933209647495,0.5516289447691117
0.7,0.6841574167507568,0.6317791384139099,0.35176991150442477,0.9628942486085343,0.4849493608742825
0.8,0.6226034308779012,0.5199548440744413,0.17920353982300885,0.9944341372912802,0.36706442812074147
0.9,0.5671039354187689,0.42794627592006745,0.05088495575221239,1.0,0.20027480364663677
