Threshold,Accuracy,Weighted F1,Inscope Accuracy,OOS Recall,MCC
0.1,0.6417759838546923,0.6693030807681715,0.75,0.5510204081632653,0.5475730047883745
0.2,0.6417759838546923,0.6693030807681715,0.75,0.5510204081632653,0.5475730047883745
0.3,0.6508577194752775,0.6783643590281482,0.745575221238938,0.5714285714285714,0.5540730516224459
0.4,0.6821392532795156,0.7048752250496552,0.7234513274336283,0.647495361781076,0.5689670963713872
0.5,0.7114026236125126,0.7249213686064777,0.668141592920354,0.7476808905380334,0.5779492515439503
0.6,0.7315842583249244,0.7277228793178449,0.5730088495575221,0.8645640074211502,0.5782589504099579
0.7,0.722502522704339,0.6912920440176313,0.45353982300884954,0.948051948051948,0.5533669228890408
0.8,0.6528758829465187,0.5718238662329262,0.24778761061946902,0.9925788497217068,0.4356136748918091
0.9,0.5893037336024218,0.46757782989434266,0.10176991150442478,0.9981447124304267,0.2805046000382007
