Threshold,Accuracy,Weighted F1,Inscope Accuracy,OOS Recall,MCC
0.1,0.5869017632241813,0.6043002974102839,0.6536796536796536,0.4939759036144578,0.5377594861327528
0.2,0.5869017632241813,0.6043002974102839,0.6536796536796536,0.4939759036144578,0.5377594861327528
0.3,0.5994962216624685,0.6166759030825154,0.6536796536796536,0.5240963855421686,0.5475288277977552
0.4,0.6196473551637279,0.6341347392091125,0.6363636363636364,0.5963855421686747,0.5551008257904813
0.5,0.6448362720403022,0.6436995136282042,0.5627705627705628,0.7590361445783133,0.5501185870880984
0.6,0.6272040302267002,0.5980370724455657,0.42857142857142855,0.9036144578313253,0.5084391869901971
0.7,0.5591939546599496,0.4797003360393145,0.2683982683982684,0.963855421686747,0.4052237963084955
0.8,0.47858942065491183,0.36335513496681104,0.11688311688311688,0.9819277108433735,0.25583983648496217
0.9,0.4282115869017632,0.2668556988455543,0.017316017316017316,1.0,0.10959614750180845
