Threshold,Accuracy,Weighted F1,Inscope Accuracy,OOS Recall,MCC
0.1,0.6498740554156172,0.6596368491168915,0.7316017316017316,0.536144578313253,0.6089435891175473
0.2,0.6498740554156172,0.6596368491168915,0.7316017316017316,0.536144578313253,0.6089435891175473
0.3,0.6599496221662469,0.6706643152884479,0.7272727272727273,0.5662650602409639,0.6161452947200737
0.4,0.6876574307304786,0.6991714568570798,0.7186147186147186,0.6445783132530121,0.6375316099746389
0.5,0.6952141057934509,0.6993933172704418,0.670995670995671,0.7289156626506024,0.6253234385397347
0.6,0.7128463476070529,0.7036431692361467,0.6060606060606061,0.8614457831325302,0.6325405291419348
0.7,0.6574307304785895,0.6198759132209378,0.4588744588744589,0.9337349397590361,0.5537662881862647
0.8,0.5340050377833753,0.44520234648343804,0.2077922077922078,0.9879518072289156,0.3746576501866642
0.9,0.44836272040302266,0.3064359332591206,0.05194805194805195,1.0,0.1912720697455713
