Threshold,Accuracy,Weighted F1,Inscope Accuracy,OOS Recall,MCC
0.1,0.5088161209068011,0.4852612066932231,0.7229437229437229,0.21084337349397592,0.5086235739335777
0.2,0.6171284634760705,0.6277105221754836,0.70995670995671,0.4879518072289157,0.577301101585455
0.3,0.6599496221662469,0.6631911532048385,0.6536796536796536,0.6686746987951807,0.5876489726418147
0.4,0.6599496221662469,0.6546533905227607,0.5714285714285714,0.7831325301204819,0.5662714661729004
0.5,0.6523929471032746,0.6423603196563007,0.5324675324675324,0.8192771084337349,0.5496451534253737
0.6,0.6473551637279596,0.6235443190103139,0.48484848484848486,0.8734939759036144,0.5380382274804033
0.7,0.6146095717884131,0.576832466271812,0.4155844155844156,0.891566265060241,0.48896120356942585
0.8,0.5869017632241813,0.5266436611764808,0.3246753246753247,0.9518072289156626,0.45081352366335453
0.9,0.48866498740554154,0.376810974037845,0.12554112554112554,0.9939759036144579,0.28868545245640687
