Threshold,Accuracy,Weighted F1,Inscope Accuracy,OOS Recall,MCC
0.1,0.4127144298688194,0.3483712897587261,0.7986725663716814,0.08905380333951762,0.39672624230371795
0.2,0.5469223007063572,0.5527488336780364,0.7809734513274337,0.35064935064935066,0.47737375406876575
0.3,0.615539858728557,0.633122730084551,0.7411504424778761,0.5102040816326531,0.5054029220052958
0.4,0.7083753784056509,0.720889395945921,0.7013274336283186,0.7142857142857143,0.5782016648924359
0.5,0.739656912209889,0.7434613173842762,0.6703539823008849,0.7977736549165121,0.6039077415751544
0.6,0.7356205852674067,0.7317150984950263,0.6017699115044248,0.8478664192949907,0.5825590315967132
0.7,0.7447023208879919,0.7283624743769378,0.5398230088495575,0.9165120593692022,0.5898117449297346
0.8,0.6831483350151363,0.6262606315395998,0.334070796460177,0.9758812615955473,0.4866391552274101
0.9,0.6004036326942482,0.48556878323957986,0.13274336283185842,0.9925788497217068,0.3091295392937593
