Threshold,Accuracy,Weighted F1,Inscope Accuracy,OOS Recall,MCC
0.1,0.2634791454730417,0.23947977500824366,0.6654545454545454,0.10734463276836158,0.2861451954799664
0.2,0.47914547304170907,0.5303094707781417,0.6545454545454545,0.4110169491525424,0.3717481358080229
0.3,0.6164801627670397,0.657869511578882,0.6145454545454545,0.617231638418079,0.4246606743440914
0.4,0.6724313326551373,0.6924174546699668,0.52,0.731638418079096,0.4162990412384738
0.5,0.6968463886063072,0.6927014973969432,0.41818181818181815,0.8050847457627118,0.38275866167865685
0.6,0.7090539165818922,0.6931356450002476,0.36727272727272725,0.8418079096045198,0.36171310214427965
0.7,0.7263479145473042,0.6903458667142265,0.2872727272727273,0.8968926553672316,0.33052160648007983
0.8,0.7416073245167853,0.6845081151776063,0.21454545454545454,0.9463276836158192,0.313490577230533
0.9,0.7273652085452695,0.6389699648264028,0.08,0.9788135593220338,0.18147366140292198
