Threshold,Accuracy,Weighted F1,Inscope Accuracy,OOS Recall,MCC
0.1,0.4609571788413098,0.45096457375594345,0.6406926406926406,0.21084337349397592,0.45335512570977937
0.2,0.5642317380352645,0.5828012955855193,0.5887445887445888,0.5301204819277109,0.49591325222825966
0.3,0.5793450881612091,0.5780365207906163,0.48484848484848486,0.7108433734939759,0.46860604999628325
0.4,0.5919395465994962,0.5745311704147583,0.4458874458874459,0.7951807228915663,0.46786678404969667
0.5,0.6020151133501259,0.5638019847351878,0.3939393939393939,0.891566265060241,0.4719265671294265
0.6,0.5919395465994962,0.543623046678172,0.354978354978355,0.9216867469879518,0.4548641132965435
0.7,0.5768261964735516,0.5171188331426371,0.2987012987012987,0.963855421686747,0.4338106577877485
0.8,0.5239294710327456,0.4429667417958547,0.19913419913419914,0.9759036144578314,0.34820134456192214
0.9,0.4609571788413098,0.32549065235972047,0.0735930735930736,1.0,0.2269661352081343
