Threshold,Accuracy,Weighted F1,Inscope Accuracy,OOS Recall,MCC
0.1,0.25839267548321465,0.2539041201537312,0.5927272727272728,0.1285310734463277,0.2589451989613422
0.2,0.5249237029501526,0.5797717163275461,0.5381818181818182,0.519774011299435,0.3499411970869179
0.3,0.646998982706002,0.6652129639491713,0.4290909090909091,0.731638418079096,0.3523908681179462
0.4,0.6978636826042727,0.6897866217628258,0.37454545454545457,0.8234463276836158,0.353035561598512
0.5,0.7171922685656155,0.6874629475785807,0.2909090909090909,0.882768361581921,0.323382782619308
0.6,0.7243133265513734,0.6759599697716699,0.21454545454545454,0.922316384180791,0.2834750823593769
0.7,0.7344862665310274,0.6683039740136187,0.1709090909090909,0.9533898305084746,0.27227421438979416
0.8,0.7365208545269583,0.6495595899194136,0.10545454545454545,0.981638418079096,0.23935251490404322
0.9,0.7243133265513734,0.6169229203805074,0.02909090909090909,0.9943502824858758,0.1205748726742888
