Threshold,Accuracy,Weighted F1,Inscope Accuracy,OOS Recall,MCC
0.1,0.4308779011099899,0.38596188662657294,0.8030973451327433,0.11873840445269017,0.4129311873500288
0.2,0.5893037336024218,0.6100177353773819,0.7787610619469026,0.43042671614100186,0.5065195660657139
0.3,0.7073662966700303,0.7274093358615785,0.7278761061946902,0.6901669758812616,0.5886149912987301
0.4,0.7255297679112008,0.7354370714668711,0.672566371681416,0.7699443413729128,0.5900770415779899
0.5,0.7356205852674067,0.738516382285541,0.6393805309734514,0.8163265306122449,0.5929143365670386
0.6,0.7477295660948536,0.7454891722124777,0.6039823008849557,0.8682745825602969,0.6026655022329167
0.7,0.7416750756811302,0.7256424545915114,0.5398230088495575,0.9109461966604824,0.5847882508776726
0.8,0.693239152371342,0.6498473099828318,0.37831858407079644,0.9573283858998145,0.49917255429706
0.9,0.6256306760847629,0.5286265770933399,0.1902654867256637,0.9907235621521335,0.3699512520116685
