Threshold,Accuracy,Weighted F1,Inscope Accuracy,OOS Recall,MCC
0.1,0.6599496221662469,0.6583511406238304,0.5930735930735931,0.7530120481927711,0.580661387850616
0.2,0.6649874055415617,0.6481165167919319,0.5238095238095238,0.8614457831325302,0.5694742710422257
0.3,0.6599496221662469,0.6309783853401376,0.47186147186147187,0.9216867469879518,0.5568475822263478
0.4,0.6523929471032746,0.6162481775882876,0.4329004329004329,0.9578313253012049,0.5466956315650783
0.5,0.6196473551637279,0.5737145815429269,0.37662337662337664,0.9578313253012049,0.49930551246201366
0.6,0.5894206549118388,0.5269758841858341,0.31601731601731603,0.9698795180722891,0.45563924496546165
0.7,0.5667506297229219,0.49174587864161706,0.2727272727272727,0.9759036144578314,0.4201578655531844
0.8,0.5440806045340051,0.45627702776114243,0.22510822510822512,0.9879518072289156,0.38564698008973847
0.9,0.5088161209068011,0.399913951597676,0.15584415584415584,1.0,0.32910030494957465
