Threshold,Accuracy,Weighted F1,Inscope Accuracy,OOS Recall,MCC
0.1,0.4520686175580222,0.46146738088457,0.7256637168141593,0.22263450834879406,0.4005380109377977
0.2,0.5802219979818365,0.6170061697077579,0.6991150442477876,0.4805194805194805,0.47653031805332025
0.3,0.6337033299697276,0.6681462015554164,0.6415929203539823,0.62708719851577,0.4978934972990696
0.4,0.6599394550958627,0.6807671697256525,0.577433628318584,0.7291280148423006,0.4929963911775212
0.5,0.7023208879919274,0.7131409661083393,0.5376106194690266,0.8404452690166976,0.5359301731023312
0.6,0.7103935418768921,0.7101188683186717,0.5088495575221239,0.8794063079777366,0.5385934445324991
0.7,0.7093844601412714,0.6961165287568397,0.4668141592920354,0.9128014842300557,0.5287337256051646
0.8,0.6972754793138244,0.6680534106767997,0.39823008849557523,0.948051948051948,0.5047539542079575
0.9,0.6518668012108981,0.5932475283103315,0.26548672566371684,0.9758812615955473,0.41997687434554737
