Threshold,Accuracy,Weighted F1,Inscope Accuracy,OOS Recall,MCC
0.1,0.5330620549338759,0.5992526506682163,0.48,0.5536723163841808,0.3353203174087024
0.2,0.6408952187182095,0.6733466777252709,0.41454545454545455,0.7288135593220338,0.35886833679968055
0.3,0.6795523906408952,0.6867843231081363,0.36363636363636365,0.8022598870056498,0.3538670872899427
0.4,0.7009155645981688,0.6895231702778716,0.31272727272727274,0.8516949152542372,0.3410825635819119
0.5,0.7171922685656155,0.6876970376602419,0.27636363636363637,0.8884180790960452,0.3264174681218831
0.6,0.7151576805696847,0.6742611836665858,0.2290909090909091,0.903954802259887,0.2821349541214711
0.7,0.7192268565615463,0.6695140228765639,0.2,0.9209039548022598,0.26638372270148986
0.8,0.7243133265513734,0.6577880820529207,0.14545454545454545,0.9491525423728814,0.23403584637750863
0.9,0.7314343845371313,0.6457877199926221,0.09454545454545454,0.9788135593220338,0.2118993983537775
