Threshold,Accuracy,Weighted F1,Inscope Accuracy,OOS Recall,MCC
0.1,0.5894206549118388,0.5868721604972246,0.4935064935064935,0.7228915662650602,0.49200567052325594
0.2,0.5894206549118388,0.5624126892818334,0.39826839826839827,0.8554216867469879,0.4583002646125471
0.3,0.5994962216624685,0.5530659814351441,0.35064935064935066,0.9457831325301205,0.467134202661144
0.4,0.5617128463476071,0.4980472241466623,0.2683982683982684,0.9698795180722891,0.4087570327249752
0.5,0.5440806045340051,0.46525596370760114,0.22943722943722944,0.9819277108433735,0.38164536737032145
0.6,0.5365239294710328,0.4455633242012838,0.2077922077922078,0.9939759036144579,0.3715625578876327
0.7,0.5163727959697733,0.41249751281068137,0.16883116883116883,1.0,0.34033496707440136
0.8,0.4811083123425693,0.3547342029900023,0.10822510822510822,1.0,0.26789715303727896
0.9,0.4659949622166247,0.32592434738214054,0.08225108225108226,1.0,0.2311697054790726
