Threshold,Accuracy,Weighted F1,Inscope Accuracy,OOS Recall,MCC
0.1,0.602238046795524,0.6489652908924319,0.44,0.6652542372881356,0.3493129242510959
0.2,0.6785350966429298,0.6884322152181961,0.38545454545454544,0.7923728813559322,0.36443959593678765
0.3,0.7121057985757884,0.6988097741885357,0.3381818181818182,0.8573446327683616,0.3641509922646042
0.4,0.7253306205493387,0.6965591610819797,0.2872727272727273,0.8954802259887006,0.3479732789168995
0.5,0.7202441505595117,0.6737287833585557,0.22181818181818183,0.9138418079096046,0.291862017703851
0.6,0.7304170905391658,0.6715937089389293,0.19636363636363635,0.9378531073446328,0.28507886991542475
0.7,0.7334689725330621,0.6585884333705816,0.14545454545454545,0.961864406779661,0.2559865327520182
0.8,0.7334689725330621,0.6425099069619017,0.09090909090909091,0.9830508474576272,0.2192384862783402
0.9,0.7263479145473042,0.6239689485734526,0.04363636363636364,0.9915254237288136,0.14980967211811785
