Threshold,Accuracy,Weighted F1,Inscope Accuracy,OOS Recall,MCC
0.1,0.1373346897253306,0.0740760502880126,0.4909090909090909,0.0,0.18889472272624616
0.2,0.17395727365208546,0.14517846073743704,0.4909090909090909,0.05084745762711865,0.20209392565355375
0.3,0.31739572736520855,0.3716455438220059,0.4618181818181818,0.2612994350282486,0.23384958998978336
0.4,0.46083418107833163,0.5241212101471256,0.44363636363636366,0.4675141242937853,0.2688555152920154
0.5,0.5645981688708036,0.6078808921124113,0.4254545454545455,0.6186440677966102,0.30147733123460646
0.6,0.6388606307222787,0.6580630758375814,0.3927272727272727,0.7344632768361582,0.3224489737817428
0.7,0.676500508646999,0.673736480201581,0.3381818181818182,0.807909604519774,0.31166032692222884
0.8,0.7171922685656155,0.6961317099627315,0.31636363636363635,0.8728813559322034,0.3399775187743717
0.9,0.7314343845371313,0.68167001253479,0.21454545454545454,0.9322033898305084,0.2949058644577997
