Threshold,Accuracy,Weighted F1,Inscope Accuracy,OOS Recall,MCC
0.1,0.40302267002518893,0.3173417229356829,0.6926406926406926,0.0,0.42952049480375937
0.2,0.40554156171284633,0.3237280250807377,0.6926406926406926,0.006024096385542169,0.43019399717323903
0.3,0.44080604534005036,0.40017562032308784,0.683982683982684,0.10240963855421686,0.44554324727480543
0.4,0.5037783375314862,0.5025993126150237,0.670995670995671,0.2710843373493976,0.4797158451836411
0.5,0.5390428211586902,0.5488575093593298,0.6406926406926406,0.39759036144578314,0.49298645472110264
0.6,0.5818639798488665,0.5945734802728632,0.6103896103896104,0.5421686746987951,0.510679733490003
0.7,0.6120906801007556,0.6164923202933457,0.5757575757575758,0.6626506024096386,0.5230432925400154
0.8,0.6272040302267002,0.620617079478249,0.5367965367965368,0.7530120481927711,0.5241637786271162
0.9,0.6372795969773299,0.6090461164829147,0.4805194805194805,0.8554216867469879,0.5258050832127276
