Threshold,Accuracy,Weighted F1,Inscope Accuracy,OOS Recall,MCC
0.1,0.36730575176589303,0.28070361362834495,0.8053097345132744,0.0,0.37949396040632505
0.2,0.3763874873864783,0.2996587611811544,0.8053097345132744,0.016697588126159554,0.38527320917267344
0.3,0.42885973763874874,0.39669039127807143,0.8053097345132744,0.11317254174397032,0.41623445272563037
0.4,0.4873864783047427,0.488306040548246,0.7986725663716814,0.22634508348794063,0.4457023194109826
0.5,0.5479313824419778,0.5648611471668102,0.7809734513274337,0.3525046382189239,0.4714792055404184
0.6,0.5973763874873865,0.6187987334530253,0.7588495575221239,0.4619666048237477,0.4941972946101975
0.7,0.6337033299697276,0.6539156700960813,0.7367256637168141,0.5473098330241187,0.5114806681921403
0.8,0.6770938446014128,0.6942037327893981,0.7190265486725663,0.6419294990723562,0.5443926493175281
0.9,0.7043390514631686,0.7122579441592488,0.6592920353982301,0.7421150278293135,0.5509541661974698
