Threshold,Accuracy,Weighted F1,Inscope Accuracy,OOS Recall,MCC
0.1,0.10783316378433368,0.0563726671323755,0.38545454545454544,0.0,0.14538813844067086
0.2,0.22380467955239064,0.25981415203931457,0.38181818181818183,0.16242937853107345,0.17654599691688472
0.3,0.4303153611393693,0.49508352249020116,0.3563636363636364,0.4590395480225989,0.21778856977821506
0.4,0.5401831129196337,0.5755376510078896,0.32,0.6257062146892656,0.22912569156377594
0.5,0.6195320447609359,0.6209068207485843,0.2909090909090909,0.7471751412429378,0.24082020235515628
0.6,0.6744659206510681,0.6498908482830816,0.24363636363636362,0.8418079096045198,0.24926272155574747
0.7,0.7019328585961343,0.6566132900273823,0.2,0.8968926553672316,0.2474993544193783
0.8,0.7232960325534079,0.6561342706688587,0.14909090909090908,0.9463276836158192,0.2361606564545725
0.9,0.7355035605289929,0.6527306716834309,0.11636363636363636,0.9759887005649718,0.2406068525264252
