Threshold,Accuracy,Weighted F1,Inscope Accuracy,OOS Recall,MCC
0.1,0.327455919395466,0.24487420952343436,0.5627705627705628,0.0,0.34321170982570903
0.2,0.3425692695214106,0.2771987206468406,0.5627705627705628,0.03614457831325301,0.35244337808363696
0.3,0.4156171284634761,0.39895490341311163,0.5411255411255411,0.24096385542168675,0.37732642825938606
0.4,0.4811083123425693,0.47511485998374675,0.5238095238095238,0.42168674698795183,0.407076025250971
0.5,0.5289672544080605,0.5155202574924295,0.48917748917748916,0.5843373493975904,0.420109406500981
0.6,0.5617128463476071,0.5385047638512739,0.4458874458874459,0.7228915662650602,0.4331244327993763
0.7,0.5667506297229219,0.5290891893997581,0.3939393939393939,0.8072289156626506,0.42492922305773534
0.8,0.5617128463476071,0.5099903608529387,0.33766233766233766,0.8734939759036144,0.40819956754895265
0.9,0.5415617128463476,0.4674266966864961,0.2510822510822511,0.9457831325301205,0.3740752005668206
