Threshold,Accuracy,Weighted F1,Inscope Accuracy,OOS Recall,MCC
0.1,0.3834510595358224,0.28125242085213886,0.8407079646017699,0.0,0.39651377278996913
0.2,0.38647830474268413,0.2879650521374422,0.8407079646017699,0.0055658627087198514,0.39849991095205295
0.3,0.4177598385469223,0.34951458898695087,0.8407079646017699,0.06307977736549165,0.41835926466428414
0.4,0.4591321897073663,0.4241729718132308,0.8362831858407079,0.14285714285714285,0.43921564816195047
0.5,0.5146316851664985,0.5139404655873048,0.8185840707964602,0.2597402597402597,0.4650631495322916
0.6,0.557013118062563,0.570384538783362,0.8075221238938053,0.3469387755102041,0.48891931036364183
0.7,0.5893037336024218,0.6073736858221093,0.7898230088495575,0.42115027829313545,0.4992209609417083
0.8,0.615539858728557,0.6316430358173197,0.7632743362831859,0.49165120593692024,0.5039480710117246
0.9,0.6407669021190716,0.6537639235616978,0.7389380530973452,0.5584415584415584,0.5108416672903147
